"1",
"1080p",
"1349",
"2",
"2015",
"2015-16",
"2016",
"360",
"3d",
"5",
"5s",
"679",
"7",
"79",
"9",
"a",
"a6",
"a7",
"abc",
"abs",
"acapella",
"ace",
"adana",
"adele",
"agario",
"aib",
"air",
"album",
"alia",
"alive",
"ambrose",
"amy",
"anaconda",
"and",
"android",
"angry",
"animal",
"anitta",
"araujo",
"ariana",
"ark",
"arsenal",
"aruan",
"at",
"audi",
"authority",
"autocad",
"baby",
"babymetal",
"back",
"badlapur",
"bae",
"balls",
"banana",
"bang",
"banks",
"barbie",
"barcelona",
"basketball",
"beats",
"bebe",
"bees",
"behind",
"bernie",
"beyonce",
"bhatt",
"big",
"birds",
"black",
"blackberry",
"blogilates",
"blok",
"bloodborne",
"bmw",
"bodybuilding",
"bonfire",
"boom",
"borro",
"boy",
"boyz",
"britney",
"brock",
"brom",
"brown",
"bryant",
"bts",
"bugatti",
"bus",
"butterfly",
"buzzfeed",
"call",
"cameo",
"cancer",
"candy",
"cannabis",
"car",
"carpool",
"cartel",
"cassette",
"cat",
"chandelier",
"channel",
"chapo",
"charli",
"chase",
"childish",
"children",
"chirping",
"chocolate",
"chris",
"christmas",
"cid",
"civil",
"clap",
"clean",
"coc",
"college",
"comedy",
"commercial",
"cooking",
"corden",
"cover",
"crash",
"criminal",
"cristiano",
"crossfit",
"crtani",
"cuenca",
"culture",
"cure",
"dance",
"dangerous",
"day",
"de",
"dean",
"debate",
"degree",
"deportivo",
"desert",
"dinosaur",
"doctor",
"documentary",
"dog",
"dope",
"dragon",
"drills",
"driver",
"duty",
"eagle",
"edition",
"efeitos",
"effect",
"ekipa",
"empire",
"entrevista",
"episodes",
"eu",
"evolved",
"fails",
"fantastic",
"farm",
"featuring",
"fetty",
"fights",
"focus",
"football",
"for",
"force",
"formation",
"full",
"gambino",
"game",
"ghost",
"gijon",
"girl",
"girls",
"go",
"grande",
"group",
"grumps",
"gun",
"guzman",
"hack",
"hairstyles",
"halo",
"harmon",
"hat",
"hd",
"hello",
"hidden",
"hoje",
"hold",
"hollywood",
"home",
"hood",
"horror",
"hour",
"in",
"india",
"infinite",
"infinity",
"instrumental",
"interview",
"iphone",
"is",
"jack",
"jackson",
"jam",
"james",
"japanese",
"jeezy",
"johnson",
"kaely",
"karaoke",
"khalifa",
"khan",
"knockout",
"kylie",
"ladylike",
"lean",
"lemonade",
"lesnar",
"let",
"lights",
"lion",
"liquor",
"live",
"loser",
"losing",
"love",
"luv",
"lyrics",
"m3",
"m5",
"m6",
"madrid",
"maluma",
"mamalona",
"marihuana",
"marshmallow",
"me",
"men",
"mente",
"merkez",
"mim",
"minecraft",
"molasses",
"motivation",
"mouse",
"move",
"movie",
"movies",
"music",
"n",
"nelly",
"new",
"no",
"of",
"offline",
"oil",
"ones",
"online",
"ortiz",
"pancakes",
"phone",
"pig",
"pra",
"practice",
"prey",
"printed",
"pump",
"rain",
"rapper",
"reaction",
"real",
"remix",
"remy",
"rexha",
"rice",
"run",
"s4",
"salman",
"salty",
"sanders",
"santa",
"scenes",
"scope",
"season",
"series",
"show",
"sia",
"slide",
"snl",
"song",
"songs",
"sound",
"spears",
"spiderman",
"spongebob",
"sporting",
"spot",
"stevens",
"stop",
"story",
"suena",
"survival",
"teaser",
"terrivel",
"test",
"the",
"theme",
"theory",
"to",
"toon",
"trailer",
"transformation",
"trent",
"truck",
"tug",
"tv",
"up",
"utley",
"valencia",
"vengaboys",
"version",
"video",
"videos",
"vines",
"voices",
"vs",
"waiting",
"wap",
"war",
"ward",
"warfare",
"watford",
"wear",
"west",
"whisper",
"winehouse",
"with",
"without",
"wiz",
"woman",
"workout",
"x6",
"xcx",
"yellow",
"you",
"z10",
"za",
"zen"